campaign,success_rate
1,0.13609850939727802
2,0.10970081595648232
5,0.06164383561643835
3,0.09741550695825049
6,0.11450381679389313
18,0.0
4,0.13194444444444445
10,0.04
9,0.07692307692307693
7,0.08823529411764706
12,0.05263157894736842
14,0.0
13,0.14285714285714285
24,0.3333333333333333
11,0.0
8,0.061224489795918366
29,0.0
32,0.0
16,0.0
22,0.0
15,0.0
30,0.0
25,0.0
21,0.0
17,0.0
19,0.0
23,0.0
20,0.0
50,0.0
28,0.0
31,0.0