contact,success_rate
cellular,0.1445830085736555
unknown,0.04358974358974359
telephone,0.13953488372093023