default,success_rate
no,0.11464968152866242
yes,0.11594202898550725