education,success_rate
primary,0.08985024958402663
secondary,0.1050814010853478
tertiary,0.1482098251457119
unknown,0.07878787878787878