housing,success_rate
no,0.15513264129181084
yes,0.0836283185840708