job,success_rate
unemployed,0.08035714285714286
services,0.1
management,0.13924050632911392
blue-collar,0.06513872135102533
self-employed,0.10625
technician,0.11275964391691394
entrepreneur,0.08
admin.,0.12325581395348838
student,0.22972972972972974
housemaid,0.12244897959183673
retired,0.21951219512195122
unknown,0.18181818181818182