loan,success_rate
no,0.12451937296657793
yes,0.06035889070146819