marital,success_rate
married,0.09859154929577464
single,0.13946869070208728
divorced,0.14505494505494507