month,success_rate
oct,0.43661971830985913
may,0.06365834004834811
apr,0.18725099601593626
feb,0.18652849740932642
aug,0.13261648745519714
jan,0.11363636363636363
jul,0.08253968253968254
nov,0.1037463976945245
jun,0.10173160173160173
sep,0.2978723404255319
mar,0.4418604651162791
dec,0.42105263157894735