poutcome,success_rate
unknown,0.08971620384498016
failure,0.13348946135831383
other,0.19318181818181818
success,0.6403508771929824