previous,success_rate
0,0.08971620384498016
4,0.31343283582089554
1,0.16666666666666666
3,0.21568627450980393
2,0.27647058823529413
5,0.3023255813953488
20,0.0
7,0.15789473684210525
6,0.3181818181818182
10,0.5
9,0.3
8,0.16666666666666666
18,0.0
19,0.0
12,0.2
13,0.0
11,0.0
14,1.0
15,0.0
24,0.0
17,0.0
22,0.0